strategy,description,hedged,max_loss,cap,cost_pa,cagr,insurance_risk,xirr,viable,mean_reinvestment,std_reinvestment,simulation_time
No Hedging,"Pure equity exposure, no protection",False,0.0,0.0,0.0,0.08425626703111644,0.24626,0.020808152679488223,False,2582159.727007825,805926.1680289828,0.2668418884277344
Current Strategy,"20% downside protection, 40% cap (5yr), 0.5% cost",True,0.2,0.4,0.005,0.078433489456466,0.28918,0.01939968539882661,False,2481181.25175336,725868.9763508759,0.2668640613555908
Tighter Protection,"10% downside protection, 30% cap (5yr), 1.2% cost",True,0.1,0.3,0.012,0.07078781060507566,0.33164,0.01754166471210484,False,2358574.4806418647,583056.8321644743,0.27146410942077637
Moderate Protection,"15% downside protection, 35% cap (5yr), 0.8% cost",True,0.15,0.35,0.008,0.07501173781332282,0.31116,0.01856936066999825,False,2424500.2360175564,669354.3857698843,0.2727220058441162
Loose Protection,"25% downside protection, 50% cap (5yr), 0.3% cost",True,0.25,0.5,0.003,0.08090684466184173,0.27232,0.019998652577960824,False,2523547.8348760586,767494.7388898389,0.2850151062011719
Asymmetric (No Cap),"15% downside protection, no upside cap, 1.0% cost",True,0.15,1.0,0.01,0.07401197711164809,0.32962,0.01832638707619045,False,2407501.0497205467,706325.7092455201,0.2753441333770752
Catastrophic Only,"30% downside protection, 60% cap (5yr), 0.2% cost",True,0.3,0.6,0.002,0.08205830605070497,0.26372,0.020277151916523448,False,2543536.7594878795,783830.8968297843,0.2686600685119629
